,Time,Elapsed Time,Mass Flow,MFM Temperature,Inlet Temperature,Midpoint Temperature,Outlet Temperature,Heater Temperature,Supply Pressure,Inlet Pressure,Midpoint Pressure,Outlet Pressure,Valve Position,Heater Power,Heater Current,Desired T_exit
0,1644862471.543957,0.015626192092895508,-0.03,24.44,22.75,22.75,23.0,22.5,-44.3847656,6.3476562,5.7617187,5.859375,51.75,200.0,0.03,[50.0]
1,1644862471.7124915,0.12752008438110352,-0.01,24.38,23.25,22.75,22.25,22.5,-44.3847656,6.3476562,5.7617187,5.859375,59.5125,200.0,-0.08,[50.0]
2,1644862471.8734152,0.34569644927978516,0.04,24.42,23.5,22.25,22.25,23.25,-44.3847656,6.3476562,5.7617187,5.859375,78.70528125,200.0,0.0,[50.0]
3,1644862472.037565,0.4499804973602295,0.05,24.41,23.25,22.75,22.75,22.0,-44.140625,6.3476562,5.7617187,5.859375,78.70528125,200.0,-0.03,[50.0]
4,1644862472.2098567,0.6815271377563477,0.05,24.42,23.5,23.0,22.75,23.25,-44.140625,6.3476562,5.7617187,5.859375,78.70528125,200.0,0.03,[50.0]
5,1644862472.3668585,0.7974197864532471,0.04,24.5,23.5,23.25,22.5,23.0,-44.3847656,6.3476562,5.7617187,5.859375,78.70528125,200.0,-0.11,[50.0]
6,1644862472.54509,1.0167596340179443,0.05,24.45,23.25,22.5,23.25,22.75,-44.140625,6.3476562,5.7617187,5.859375,78.70528125,200.0,0.05,[50.0]
7,1644862472.7104845,1.1312637329101562,0.02,24.44,23.25,23.5,22.25,22.75,-44.140625,6.3476562,5.7617187,5.859375,78.70528125,200.0,0.08,[50.0]
8,1644862472.8636599,1.2509312629699707,0.0,24.39,23.0,23.25,22.0,23.0,-44.140625,6.3476562,5.7617187,5.859375,78.70528125,200.0,0.05,[50.0]
9,1644862473.0483692,1.4852805137634277,0.02,24.4,23.0,23.5,22.75,23.0,-44.140625,6.3476562,5.7617187,5.859375,78.70528125,200.0,0.05,[50.0]
10,1644862473.1987104,1.6017544269561768,0.05,24.42,23.75,23.0,22.25,22.5,-44.140625,6.3476562,5.7617187,5.859375,78.70528125,200.0,0.03,[50.0]
11,1644862473.3643484,1.833005666732788,0.06,24.44,24.0,22.0,23.0,22.5,-44.3847656,6.3476562,5.7617187,5.859375,78.70528125,200.0,0.05,[50.0]
12,1644862473.5368931,1.9519062042236328,0.04,24.45,23.25,22.0,23.25,22.75,-44.3847656,6.3476562,5.7617187,5.859375,78.70528125,200.0,0.05,[50.0]
13,1644862473.7117198,2.183389186859131,-0.01,24.46,23.5,23.25,23.0,23.5,-44.140625,6.3476562,5.7617187,5.859375,78.70528125,200.0,0.03,[50.0]
14,1644862473.8653479,2.3183813095092773,-0.03,24.43,24.0,22.0,23.0,22.75,-44.3847656,6.3476562,5.7617187,5.859375,78.70528125,200.0,0.08,[50.0]
15,1644862474.04356,2.429093360900879,-0.04,24.42,22.75,23.5,23.5,22.75,-44.3847656,6.3476562,5.7617187,5.859375,78.70528125,200.0,-0.05,[50.0]
16,1644862474.2128143,2.668860912322998,-0.07,24.45,23.75,23.0,23.0,23.0,-44.3847656,6.3476562,5.7617187,5.859375,78.70528125,200.0,0.03,[50.0]
17,1644862474.3813753,2.784345865249634,-0.06,24.43,23.25,22.5,23.0,22.75,-44.140625,6.3476562,5.7617187,5.859375,78.70528125,200.0,0.11,[50.0]
18,1644862474.5475671,3.0036110877990723,-0.05,24.44,23.5,22.0,22.75,22.75,-44.3847656,6.3476562,5.7617187,5.859375,78.70528125,200.0,0.11,[50.0]
19,1644862474.7011662,3.1159942150115967,-0.04,24.42,24.25,22.5,22.5,22.5,-44.3847656,6.3476562,5.7617187,5.859375,78.70528125,200.0,0.08,[50.0]
20,1644862474.9005325,3.335564374923706,-0.04,24.41,23.75,22.0,22.75,23.0,-44.140625,6.3476562,5.7617187,5.859375,78.70528125,200.0,-5.27,[50.0]
21,1644862475.0482402,3.454284906387329,-0.05,24.45,23.5,22.25,22.5,22.5,-44.3847656,6.3476562,5.7617187,5.859375,78.70528125,200.0,-5.05,[50.0]
22,1644862475.2140028,3.6856720447540283,-0.02,24.48,23.5,22.5,22.75,22.75,-44.3847656,6.3476562,5.7617187,5.859375,78.70528125,200.0,-2.87,[50.0]
23,1644862475.3859787,3.792949914932251,0.01,24.4,23.75,21.5,22.75,23.0,-44.3847656,6.3476562,5.7617187,5.859375,78.70528125,200.0,0.0,[50.0]
24,1644862475.551358,4.01517653465271,0.04,24.39,23.25,22.25,23.0,22.75,-44.140625,6.3476562,5.7617187,5.859375,78.70528125,200.0,-0.74,[50.0]
25,1644862475.7140126,4.1196675300598145,0.08,24.45,23.75,22.5,23.0,22.75,-44.3847656,6.3476562,5.7617187,5.859375,78.70528125,200.0,-0.08,[50.0]
26,1644862475.8868644,4.355029344558716,0.07,24.36,23.75,22.5,22.25,23.0,-44.3847656,6.3476562,5.7617187,5.859375,78.70528125,200.0,1.38,[50.0]
27,1644862476.0491827,4.473978042602539,0.04,24.39,23.5,22.75,22.5,23.0,-44.3847656,6.3476562,5.7617187,5.859375,78.70528125,200.0,0.11,[50.0]
28,1644862476.2189505,4.690618991851807,0.05,24.46,23.75,22.5,22.25,22.5,-44.140625,6.3476562,5.7617187,5.859375,78.70528125,200.0,-0.56,[50.0]
29,1644862476.3842163,4.802465200424194,0.04,24.41,23.5,23.5,23.25,23.0,-44.140625,6.3476562,5.7617187,5.859375,78.70528125,200.0,0.19,[50.0]
30,1644862476.5528371,5.037619352340698,0.01,24.42,23.5,23.0,23.0,22.5,-44.3847656,6.3476562,5.7617187,5.859375,78.70528125,200.0,-0.37,[50.0]
31,1644862476.715573,5.155991792678833,-0.02,24.43,23.75,23.25,22.75,23.5,-44.140625,6.3476562,5.7617187,5.859375,78.70528125,200.0,0.4,[50.0]
32,1644862476.884394,5.271840572357178,0.02,24.46,23.25,23.5,22.75,23.0,-44.3847656,6.3476562,5.7617187,5.859375,78.70528125,200.0,1.94,[50.0]
33,1644862477.0416684,5.506833553314209,0.05,24.47,23.5,23.0,23.25,23.5,-44.140625,6.3476562,5.7617187,5.859375,78.70528125,200.0,0.9,[50.0]
34,1644862477.219786,5.622826337814331,0.03,24.36,23.75,23.25,23.25,23.0,-44.140625,6.3476562,5.7617187,5.859375,78.70528125,200.0,0.03,[50.0]
35,1644862477.385037,5.856699228286743,0.05,24.45,23.75,23.5,22.25,23.0,-44.140625,6.3476562,5.7617187,5.859375,78.70528125,200.0,-0.72,[50.0]
36,1644862477.5419133,5.975432395935059,0.04,24.5,23.5,23.25,23.0,22.5,-44.140625,6.3476562,5.7617187,5.859375,78.70528125,200.0,0.08,[50.0]
37,1644862477.7039921,6.191287517547607,0.01,24.47,24.0,23.25,23.25,22.75,-44.3847656,6.3476562,5.7617187,5.859375,78.70528125,200.0,-0.64,[50.0]
38,1644862477.8895245,6.3041770458221436,-0.02,24.45,23.5,23.25,23.0,23.0,-44.140625,6.3476562,5.7617187,5.859375,78.70528125,200.0,0.03,[50.0]
39,1644862478.070699,6.524232387542725,-0.02,24.45,23.5,22.75,22.75,22.5,-44.3847656,6.3476562,5.7617187,5.859375,78.70528125,200.0,0.05,[50.0]
40,1644862478.217845,6.6396284103393555,-0.02,24.47,23.75,23.25,23.0,22.5,-44.140625,6.3476562,5.7617187,5.859375,78.70528125,200.0,0.0,[50.0]
41,1644862478.3865511,6.873846530914307,-0.05,24.41,23.25,22.75,23.0,23.0,-44.3847656,6.3476562,5.7617187,5.859375,78.70528125,200.0,0.0,[50.0]
42,1644862478.5556173,6.993027925491333,-0.04,24.37,23.5,23.25,22.75,22.75,-44.140625,6.3476562,5.7617187,5.859375,78.70528125,200.0,0.0,[50.0]
43,1644862478.7219987,7.209294080734253,-0.05,24.46,23.5,23.5,22.75,23.5,-44.3847656,6.3476562,5.7617187,5.7617187,78.70528125,200.0,0.0,[50.0]
44,1644862478.8868842,7.324791193008423,-0.06,24.47,23.5,23.25,22.75,22.5,-44.3847656,6.3476562,5.7617187,5.859375,78.70528125,200.0,0.03,[50.0]
45,1644862479.0715792,7.558874607086182,-0.07,24.47,23.5,23.0,22.75,23.25,-44.3847656,6.3476562,5.7617187,5.859375,78.70528125,200.0,0.08,[50.0]
46,1644862479.2211213,7.692788362503052,-0.02,24.51,23.5,23.0,22.75,23.5,-44.140625,6.3476562,5.7617187,5.859375,78.70528125,200.0,-0.03,[50.0]
47,1644862479.3903732,7.806309461593628,0.01,24.47,23.25,22.5,23.0,23.0,-44.140625,6.3476562,5.7617187,5.859375,78.70528125,200.0,0.08,[50.0]
48,1644862479.552584,8.022053003311157,0.03,24.47,23.5,22.75,23.25,23.5,-44.3847656,6.3476562,5.7617187,5.859375,78.70528125,200.0,-0.08,[50.0]
49,1644862479.7220411,8.140515089035034,0.03,24.45,23.75,22.5,23.0,23.25,-44.3847656,6.3476562,5.7617187,5.859375,78.70528125,200.0,0.0,[50.0]
50,1644862479.888284,8.375579357147217,0.02,24.45,23.25,23.0,22.75,22.75,-44.3847656,6.3476562,5.7617187,5.859375,78.70528125,200.0,-0.11,[50.0]
51,1644862480.054122,8.49454641342163,-0.01,24.46,23.75,23.25,23.0,23.75,-44.140625,6.3476562,5.7617187,5.859375,78.70528125,200.0,0.05,[50.0]
52,1644862480.219603,8.609639406204224,-0.04,24.45,23.75,23.0,22.75,23.25,-44.3847656,6.3476562,5.7617187,5.859375,78.70528125,200.0,-0.03,[50.0]
53,1644862480.388479,8.82890272140503,-0.02,24.45,23.5,23.0,22.75,23.5,-44.3847656,6.3476562,5.7617187,5.859375,78.70528125,200.0,-0.03,[50.0]
54,1644862480.5543919,8.941895008087158,-0.02,24.39,23.5,22.25,22.0,23.25,-44.3847656,6.3476562,5.7617187,5.859375,78.70528125,200.0,-0.03,[50.0]
55,1644862480.7199137,9.175958156585693,-0.06,24.4,23.25,22.5,22.0,21.75,-44.3847656,6.3476562,5.7617187,5.859375,78.70528125,200.0,0.05,[50.0]
56,1644862480.8922691,9.29187798500061,-0.05,24.39,23.75,22.75,23.0,21.75,-44.3847656,6.3476562,5.7617187,5.859375,78.70528125,200.0,-0.11,[50.0]
57,1644862481.0558076,9.523670434951782,-0.05,24.34,23.25,22.75,22.0,22.75,-44.3847656,6.3476562,5.7617187,5.859375,78.70528125,200.0,-4.76,[50.0]
58,1644862481.226385,9.626968383789062,-0.05,24.42,23.75,22.5,21.75,23.0,-44.3847656,6.3476562,5.7617187,5.859375,78.70528125,200.0,-1.62,[50.0]
59,1644862481.3894002,9.842427730560303,-0.05,24.39,22.75,22.5,20.75,22.75,-44.140625,6.3476562,5.7617187,5.859375,78.70528125,200.0,1.17,[50.0]
60,1644862481.5555964,9.960907459259033,-0.04,24.45,23.75,23.25,21.25,23.25,-44.140625,6.3476562,5.7617187,5.859375,78.70528125,200.0,2.31,[50.0]
61,1644862481.7303703,10.199918985366821,-0.02,24.45,21.25,22.25,21.5,23.0,-44.140625,6.3476562,5.7617187,5.859375,78.70528125,200.0,3.48,[50.0]
62,1644862481.891292,10.311852931976318,-0.01,24.42,23.25,22.75,22.25,23.25,-44.140625,6.3476562,5.7617187,5.7617187,78.70528125,200.0,4.15,[50.0]
63,1644862482.0748465,10.540804624557495,0.03,24.43,23.25,23.0,22.5,22.5,-44.3847656,6.3476562,5.7617187,5.7617187,78.70528125,200.0,4.95,[50.0]
64,1644862482.2218845,10.66230058670044,0.06,24.43,23.75,22.25,22.25,23.5,-44.3847656,6.3476562,5.7617187,5.859375,78.70528125,200.0,4.18,[50.0]
65,1644862482.3907256,10.778030395507812,0.09,24.45,23.0,22.75,22.5,23.0,-44.140625,6.3476562,5.7617187,5.859375,78.70528125,200.0,3.72,[50.0]
66,1644862482.5572333,11.013277769088745,0.07,24.47,22.75,23.0,23.0,23.5,-44.3847656,6.3476562,5.7617187,5.859375,78.70528125,200.0,3.01,[50.0]
67,1644862482.7260804,11.134909391403198,0.04,24.41,23.25,22.25,22.75,22.75,-44.140625,6.3476562,5.7617187,5.859375,78.70528125,200.0,1.86,[50.0]
68,1644862482.891394,11.363064527511597,0.0,24.46,23.0,22.0,22.25,23.0,-44.140625,6.3476562,5.7617187,5.859375,78.70528125,200.0,0.82,[50.0]
69,1644862483.0535111,11.477224111557007,-0.04,24.43,23.25,23.25,22.75,23.5,-44.3847656,6.3476562,5.7617187,5.859375,78.70528125,200.0,-0.19,[50.0]
70,1644862483.229345,11.714243412017822,-0.04,24.39,23.0,22.5,23.5,21.5,-44.3847656,6.3476562,5.7617187,5.859375,78.70528125,200.0,3.25,[50.0]
71,1644862483.3925178,11.84605073928833,-0.02,24.47,23.75,23.0,22.5,23.75,-44.140625,6.3476562,5.7617187,5.859375,78.70528125,200.0,4.04,[50.0]
72,1644862483.5583134,11.964058637619019,-0.01,24.4,23.5,22.75,23.0,22.5,-44.3847656,6.3476562,5.7617187,5.859375,78.70528125,200.0,4.68,[50.0]
73,1644862483.739553,12.195595264434814,-0.04,24.41,23.0,22.5,22.5,22.25,-44.3847656,6.3476562,5.7617187,5.859375,78.70528125,200.0,5.13,[50.0]
74,1644862483.8957958,12.314547300338745,-0.05,24.39,23.5,23.25,22.75,23.75,-44.3847656,6.3476562,5.6640625,5.7617187,78.70528125,200.0,5.32,[50.0]
75,1644862484.0578592,12.545154571533203,0.01,24.41,23.5,23.75,21.75,23.0,-44.140625,6.3476562,5.7617187,5.859375,78.70528125,200.0,-0.11,[50.0]
76,1644862484.239872,12.664666175842285,0.04,24.43,23.75,22.5,23.0,22.5,-44.140625,6.3476562,5.7617187,5.859375,78.70528125,200.0,-0.03,[50.0]
77,1644862484.3929336,12.780319690704346,0.06,24.45,23.5,22.5,23.5,23.25,-44.140625,6.3476562,5.7617187,5.859375,78.70528125,200.0,0.03,[50.0]
78,1644862484.5585911,13.014639616012573,0.05,24.46,23.5,22.5,20.0,19.25,-44.140625,6.3476562,5.7617187,5.859375,78.70528125,200.0,0.03,[50.0]
79,1644862484.7276158,13.130424737930298,0.05,24.37,23.5,23.0,23.0,22.5,-44.140625,6.3476562,5.7617187,5.859375,78.70528125,200.0,0.05,[50.0]
80,1644862484.8933997,13.365078687667847,-0.01,24.48,23.5,22.25,21.75,23.0,-44.140625,6.3476562,5.7617187,5.7617187,78.70528125,200.0,0.03,[50.0]
81,1644862485.0779474,13.47697925567627,-0.03,24.43,23.5,23.0,22.25,23.75,-44.3847656,6.3476562,5.7617187,5.859375,78.70528125,200.0,0.0,[50.0]
82,1644862485.2246082,13.711575984954834,0.0,24.42,23.25,22.25,22.25,23.25,-44.3847656,6.3476562,5.7617187,5.859375,78.70528125,200.0,-0.08,[50.0]
83,1644862485.3973815,13.827895879745483,-0.01,24.4,23.75,23.25,22.25,23.0,-44.140625,6.25,5.7617187,5.859375,78.70528125,200.0,-0.05,[50.0]
84,1644862485.559788,14.047083377838135,-0.05,24.42,23.25,22.5,22.0,23.5,-44.140625,6.3476562,5.7617187,5.859375,78.70528125,200.0,-0.03,[50.0]
85,1644862485.7411697,14.165966272354126,-0.09,24.45,23.5,23.5,22.25,23.0,-44.140625,6.3476562,5.7617187,5.859375,78.70528125,200.0,0.03,[50.0]
86,1644862485.8980308,14.287679433822632,-0.08,24.44,24.25,22.25,22.25,22.5,-44.140625,6.3476562,5.6640625,5.859375,78.70528125,200.0,0.0,[50.0]
87,1644862486.0791569,14.514068603515625,-0.05,24.44,24.0,22.25,23.25,23.75,-44.3847656,6.3476562,5.7617187,5.859375,78.70528125,200.0,-0.05,[50.0]
88,1644862486.241924,14.62895131111145,0.0,24.47,23.75,23.0,21.75,23.75,-44.140625,6.3476562,5.7617187,5.859375,78.70528125,200.0,-0.05,[50.0]
89,1644862486.4111702,14.867216348648071,0.05,24.47,23.75,23.0,23.5,22.75,-44.3847656,6.3476562,5.7617187,5.859375,78.70528125,200.0,-0.03,[50.0]
90,1644862486.5796695,14.982699871063232,0.08,24.44,23.75,22.5,22.25,22.75,-44.140625,6.3476562,5.7617187,5.859375,78.70528125,200.0,-0.03,[50.0]
91,1644862486.746043,15.217713356018066,0.05,24.43,23.75,23.0,23.25,24.0,-44.3847656,6.3476562,5.7617187,5.859375,78.70528125,200.0,0.05,[50.0]
92,1644862486.9135919,15.329598903656006,0.0,24.42,23.75,22.75,22.25,23.75,-44.140625,6.3476562,5.6640625,5.859375,78.70528125,200.0,0.08,[50.0]
93,1644862487.0803545,15.54141092300415,-0.02,24.42,23.75,22.5,22.75,22.75,-44.3847656,6.3476562,5.7617187,5.859375,78.70528125,200.0,0.03,[50.0]
94,1644862487.2481592,15.651953935623169,-0.03,24.44,23.0,22.75,22.0,24.0,-44.140625,6.3476562,5.7617187,5.859375,78.70528125,200.0,0.05,[50.0]
95,1644862487.4118738,15.883547306060791,0.02,24.42,23.75,22.5,23.0,22.5,-44.3847656,6.3476562,5.7617187,5.859375,78.70528125,200.0,0.13,[50.0]
96,1644862487.5846233,16.002567052841187,0.07,24.5,23.75,22.75,22.5,23.25,-44.3847656,6.3476562,5.7617187,5.859375,78.70528125,200.0,-0.03,[50.0]
97,1644862487.7309277,16.118788719177246,0.06,24.41,23.75,22.75,22.25,24.0,-44.3847656,6.3476562,5.7617187,5.859375,78.70528125,200.0,0.0,[50.0]
98,1644862487.911995,16.349406719207764,0.01,24.37,23.5,22.5,23.0,23.25,-44.3847656,6.3476562,5.7617187,5.859375,78.70528125,200.0,-0.05,[50.0]
99,1644862488.080944,16.46824622154236,0.01,24.44,23.5,22.75,22.75,22.75,-44.140625,6.3476562,5.7617187,5.859375,78.70528125,200.0,0.08,[50.0]
100,1644862488.2315338,16.68757724761963,0.0,24.42,23.25,23.0,23.0,22.5,-44.3847656,6.3476562,5.7617187,5.7617187,78.70528125,200.0,0.13,[50.0]
101,1644862488.4002285,16.799978494644165,0.02,24.5,23.75,22.75,23.0,23.0,-44.3847656,6.3476562,5.7617187,5.859375,78.70528125,200.0,0.0,[50.0]
102,1644862488.5650454,17.036715269088745,0.06,24.46,23.75,22.75,23.5,23.5,-44.3847656,6.3476562,5.7617187,5.859375,78.70528125,200.0,0.05,[50.0]
103,1644862488.7313428,17.147096872329712,0.09,24.45,23.5,22.75,22.75,23.5,-44.3847656,6.3476562,5.7617187,5.859375,78.70528125,200.0,-0.03,[50.0]
104,1644862488.9008844,17.369283199310303,0.06,24.42,23.75,23.0,23.0,23.0,-44.140625,6.3476562,5.7617187,5.859375,78.70528125,200.0,-0.08,[50.0]
105,1644862489.0822747,17.484935522079468,0.03,24.47,23.25,23.0,23.0,23.25,-44.3847656,6.3476562,5.7617187,5.859375,78.70528125,200.0,0.0,[50.0]
106,1644862489.234598,17.703977823257446,0.01,24.45,23.5,22.5,23.25,23.75,-44.140625,6.3476562,5.7617187,5.859375,78.70528125,200.0,0.03,[50.0]
107,1644862489.3984296,17.819708585739136,0.01,24.42,23.25,23.75,23.25,23.0,-44.140625,6.3476562,5.7617187,5.859375,78.70528125,200.0,0.03,[50.0]
108,1644862489.5830998,18.04848313331604,0.0,24.45,23.5,22.0,22.5,22.75,-44.140625,6.3476562,5.7617187,5.859375,78.70528125,200.0,0.03,[50.0]
109,1644862489.7299602,18.170380115509033,-0.02,24.45,23.25,22.25,23.0,23.0,-44.140625,6.3476562,5.7617187,5.859375,78.70528125,200.0,0.0,[50.0]
110,1644862489.898813,18.28600549697876,-0.05,24.47,24.25,22.5,22.75,22.75,-44.3847656,6.3476562,5.7617187,5.859375,78.70528125,200.0,0.05,[50.0]
111,1644862490.0833907,18.52087903022766,-0.05,24.45,23.5,22.75,22.75,23.0,-44.3847656,6.4453125,5.7617187,5.859375,78.70528125,200.0,-5.16,[50.0]
112,1644862490.2337418,18.636901378631592,-0.06,24.49,23.5,22.75,22.75,23.25,-44.140625,6.3476562,5.7617187,5.9570312,78.70528125,200.0,-5.08,[50.0]
113,1644862490.4147289,18.87077283859253,-0.05,24.41,23.75,22.75,22.75,23.25,-44.140625,6.3476562,5.7617187,5.859375,78.70528125,200.0,-3.51,[50.0]
114,1644862490.5836294,18.986294269561768,-0.02,24.4,24.0,23.0,22.0,22.75,-44.140625,6.4453125,5.7617187,5.859375,78.70528125,200.0,-0.51,[50.0]
115,1644862490.7505045,19.222177505493164,0.01,24.45,23.5,22.5,22.75,22.75,-44.3847656,6.3476562,5.7617187,5.859375,78.70528125,200.0,2.63,[50.0]
116,1644862490.9185603,19.337422609329224,-0.01,24.42,23.75,23.25,23.25,22.75,-44.3847656,6.3476562,5.7617187,5.859375,78.70528125,200.0,1.6,[50.0]
117,1644862491.084279,19.571574449539185,-0.05,24.42,23.5,23.0,22.25,22.75,-44.140625,6.3476562,5.7617187,5.859375,78.70528125,200.0,2.74,[50.0]
118,1644862491.2427003,19.691213130950928,-0.04,24.39,24.0,22.25,23.5,23.25,-44.3847656,6.3476562,5.7617187,5.859375,78.70528125,200.0,3.7,[50.0]
119,1644862491.404264,19.8031485080719,-0.01,24.42,23.75,22.5,23.0,22.75,-44.140625,6.3476562,5.7617187,5.859375,78.70528125,200.0,4.36,[50.0]
120,1644862491.584743,20.038275957107544,-0.01,24.54,23.25,23.0,22.5,22.75,-44.140625,6.3476562,5.7617187,5.859375,78.70528125,200.0,4.97,[50.0]
121,1644862491.7474775,20.153137683868408,0.0,24.45,23.5,22.75,23.0,23.25,-44.3847656,6.3476562,5.7617187,5.7617187,78.70528125,200.0,5.21,[50.0]
122,1644862491.9188457,20.388060569763184,-0.01,24.4,24.0,23.0,22.5,22.5,-44.3847656,6.3476562,5.7617187,5.7617187,78.70528125,200.0,5.03,[50.0]
123,1644862492.0891833,20.503958225250244,0.01,24.47,24.0,22.5,23.25,22.25,-44.140625,6.3476562,5.7617187,5.859375,78.70528125,200.0,5.16,[50.0]
124,1644862492.2511113,20.72277545928955,-0.01,24.43,23.5,22.0,22.0,22.5,-44.140625,6.3476562,5.7617187,5.7617187,78.70528125,200.0,5.05,[50.0]
125,1644862492.420552,20.83515977859497,-0.03,24.38,23.5,22.0,22.5,22.75,-44.3847656,6.4453125,5.7617187,5.859375,78.70528125,200.0,5.21,[50.0]
126,1644862492.5906632,21.05463457107544,-0.01,24.43,23.5,21.75,23.0,22.5,-44.140625,6.3476562,5.7617187,5.7617187,78.70528125,200.0,5.37,[50.0]
127,1644862492.7514856,21.172795295715332,0.03,24.43,23.25,23.0,22.75,22.5,-44.140625,6.4453125,5.7617187,5.7617187,78.70528125,200.0,5.19,[50.0]
128,1644862492.9172177,21.404513120651245,0.06,24.42,23.75,22.5,22.25,22.75,-44.140625,6.4453125,5.7617187,5.859375,78.70528125,200.0,5.35,[50.0]
129,1644862493.0862384,21.523679494857788,0.06,24.4,23.75,23.0,22.75,23.25,-44.3847656,6.4453125,5.7617187,5.859375,78.70528125,200.0,0.0,[50.0]
130,1644862493.2546897,21.741985082626343,0.02,24.45,23.25,22.25,22.75,23.25,-44.3847656,6.3476562,5.7617187,5.859375,78.70528125,200.0,0.08,[50.0]
131,1644862493.4176147,21.85447907447815,0.0,24.47,23.5,22.25,23.0,23.25,-44.3847656,6.3476562,5.7617187,5.859375,78.70528125,200.0,0.03,[50.0]
132,1644862493.5862975,21.97371768951416,0.02,24.52,23.25,22.5,22.75,23.75,-44.140625,6.3476562,5.7617187,5.859375,78.70528125,200.0,0.0,[50.0]
133,1644862493.7369788,22.208648920059204,0.06,24.47,23.5,22.25,22.75,23.25,-44.3847656,6.3476562,5.7617187,5.859375,78.70528125,200.0,0.05,[50.0]
134,1644862493.9063172,22.321038246154785,0.05,24.38,23.0,23.25,22.5,23.5,-44.140625,6.3476562,5.7617187,5.859375,78.70528125,200.0,0.03,[50.0]
135,1644862494.1064534,22.540119647979736,-0.01,24.45,23.5,22.0,22.75,23.5,-44.3847656,6.3476562,5.7617187,5.859375,78.70528125,200.0,0.0,[50.0]
136,1644862494.2373023,22.642746210098267,-0.06,24.45,24.0,22.5,23.0,23.5,-44.140625,6.3476562,5.7617187,5.859375,78.70528125,200.0,0.0,[50.0]
137,1644862494.40257,22.87423586845398,-0.09,24.41,24.0,23.0,23.25,23.0,-44.140625,6.3476562,5.6640625,5.859375,78.70528125,200.0,0.05,[50.0]
138,1644862494.5869546,22.98991107940674,-0.11,24.44,23.25,22.25,23.0,23.75,-44.140625,6.3476562,5.7617187,5.859375,78.70528125,200.0,-0.03,[50.0]
139,1644862494.752486,23.224157571792603,-0.08,24.42,23.25,22.75,22.75,23.5,-44.140625,6.4453125,5.7617187,5.859375,78.70528125,200.0,0.03,[50.0]
140,1644862494.9222567,23.337043523788452,-0.05,24.41,23.25,22.25,23.0,23.75,-44.140625,6.5429687,5.859375,5.859375,78.70528125,200.0,-0.03,[50.0]
141,1644862495.090708,23.55656385421753,0.01,24.48,23.5,22.5,22.75,23.75,-44.140625,6.5429687,5.7617187,5.859375,78.70528125,200.0,0.03,[50.0]
142,1644862495.2524467,23.659121990203857,0.04,24.42,23.75,22.25,23.0,23.5,-44.140625,6.5429687,5.7617187,5.859375,78.70528125,200.0,0.11,[50.0]
143,1644862495.4225106,23.8904709815979,0.05,24.45,23.75,22.5,22.75,23.25,-44.140625,6.5429687,5.7617187,5.859375,78.70528125,200.0,0.05,[50.0]
144,1644862495.5874767,24.006059885025024,0.08,24.45,23.25,22.25,22.75,23.5,-44.140625,6.5429687,5.7617187,5.859375,78.70528125,200.0,0.05,[50.0]
145,1644862495.7375295,24.124809741973877,0.06,24.4,23.25,22.75,23.0,24.0,-44.140625,6.5429687,5.7617187,5.859375,78.70528125,200.0,0.05,[50.0]
146,1644862495.9345052,24.355785131454468,0.05,24.44,23.5,22.0,22.75,23.75,-44.140625,6.5429687,5.859375,5.859375,78.70528125,200.0,0.11,[50.0]
147,1644862496.0909646,24.475187063217163,0.02,24.52,23.0,22.0,23.0,24.0,-44.140625,6.5429687,5.859375,5.859375,78.70528125,200.0,0.0,[50.0]
148,1644862496.2383163,24.709985971450806,-0.04,24.45,23.5,23.0,22.75,23.75,-44.140625,6.5429687,5.7617187,5.859375,78.70528125,200.0,4.18,[50.0]
149,1644862496.4222953,24.82187581062317,-0.08,24.46,23.0,22.75,22.5,23.75,-44.140625,6.5429687,5.7617187,5.859375,78.70528125,200.0,4.89,[50.0]
150,1644862496.5879028,25.056557655334473,-0.08,24.49,23.75,22.75,22.25,23.5,-44.140625,6.4453125,5.7617187,5.7617187,78.70528125,200.0,5.19,[50.0]
151,1644862496.7403936,25.175455570220947,-0.03,24.54,23.0,22.5,22.5,23.25,-44.140625,6.5429687,5.7617187,5.859375,78.70528125,200.0,5.4,[50.0]
152,1644862496.9199378,25.407233238220215,-0.01,24.42,23.5,22.25,23.0,23.75,-44.140625,6.5429687,5.7617187,5.7617187,78.70528125,200.0,5.29,[50.0]
153,1644862497.086438,25.526514530181885,0.0,24.46,23.75,22.5,23.25,23.5,-43.8964843,6.5429687,5.3710937,5.859375,78.70528125,200.0,5.11,[50.0]
154,1644862497.2419403,25.644372701644897,0.06,24.43,23.25,22.75,23.0,23.5,-44.140625,6.4453125,5.7617187,5.859375,78.70528125,200.0,5.32,[50.0]
155,1644862497.4049418,25.876611471176147,0.11,24.38,23.75,22.75,22.75,23.5,-44.140625,6.5429687,5.7617187,5.859375,78.70528125,200.0,5.35,[50.0]
156,1644862497.5898185,25.99250054359436,0.14,24.45,23.5,22.25,22.75,23.25,-44.140625,6.5429687,5.7617187,5.7617187,78.70528125,200.0,5.29,[50.0]
157,1644862497.740312,26.211981534957886,0.11,24.41,23.5,22.75,22.75,23.25,-44.140625,6.5429687,5.7617187,5.859375,78.70528125,200.0,4.87,[50.0]
158,1644862497.9093947,26.32387065887451,0.02,24.41,23.5,22.0,23.0,23.0,-44.140625,6.5429687,5.7617187,5.7617187,78.70528125,200.0,4.34,[50.0]
159,1644862498.0776408,26.54971718788147,0.02,24.43,23.75,22.5,23.0,23.5,-44.140625,6.4453125,5.7617187,5.859375,78.70528125,200.0,3.59,[50.0]
160,1644862498.24097,26.657124996185303,0.04,24.44,23.5,22.25,22.5,23.25,-44.140625,6.4453125,5.7617187,5.859375,78.70528125,200.0,2.66,[50.0]
161,1644862498.4062145,26.87788462638855,0.02,24.44,23.75,22.5,23.0,23.0,-44.140625,6.5429687,5.7617187,5.9570312,78.70528125,200.0,1.57,[50.0]
162,1644862498.5689697,26.993767261505127,0.02,24.39,23.75,22.25,23.25,23.0,-44.140625,6.5429687,5.7617187,5.859375,78.70528125,200.0,0.19,[50.0]
163,1644862498.7412062,27.212876796722412,-0.01,24.43,23.5,22.25,22.25,22.75,-44.140625,6.5429687,5.7617187,5.859375,78.70528125,200.0,-0.48,[50.0]
164,1644862498.9107127,27.325765371322632,0.01,24.38,23.5,22.0,22.5,23.0,-44.140625,6.5429687,5.7617187,5.7617187,78.70528125,200.0,2.66,[50.0]
165,1644862499.0731828,27.54485273361206,0.02,24.47,23.25,21.75,23.25,23.0,-44.140625,6.4453125,5.7617187,5.859375,78.70528125,200.0,1.49,[50.0]
166,1644862499.2439864,27.657180070877075,0.05,24.42,23.5,22.75,22.75,23.5,-44.140625,6.5429687,5.7617187,5.859375,78.70528125,200.0,-0.08,[50.0]
167,1644862499.4077892,27.879461765289307,0.04,24.4,23.5,22.25,22.75,23.0,-43.8964843,6.5429687,5.7617187,5.859375,78.70528125,200.0,0.0,[50.0]
168,1644862499.576302,27.994938373565674,-0.01,24.43,24.0,22.0,22.75,23.25,-44.140625,6.4453125,5.7617187,5.859375,78.70528125,200.0,0.0,[50.0]
169,1644862499.742011,28.21368145942688,-0.07,24.4,23.5,22.5,23.0,23.5,-44.140625,6.4453125,5.7617187,5.859375,78.70528125,200.0,0.05,[50.0]
170,1644862499.9115887,28.326568841934204,-0.11,24.41,23.25,22.25,23.0,24.0,-44.140625,6.4453125,5.7617187,5.859375,78.70528125,200.0,-0.03,[50.0]
171,1644862500.0926378,28.53517246246338,-0.06,24.42,23.25,22.5,23.0,23.0,-44.140625,6.4453125,5.7617187,5.859375,78.70528125,200.0,0.03,[50.0]
172,1644862500.2429917,28.642775774002075,-0.07,24.35,23.0,22.25,22.75,23.5,-44.140625,6.4453125,5.7617187,5.859375,78.70528125,200.0,0.0,[50.0]
173,1644862500.408798,28.86133098602295,-0.08,24.45,23.25,21.75,22.75,23.25,-44.140625,6.4453125,5.7617187,5.859375,78.70528125,200.0,0.05,[50.0]
174,1644862500.5756357,28.980730295181274,-0.04,24.43,23.25,22.75,23.0,24.0,-44.140625,6.4453125,5.7617187,5.859375,78.70528125,200.0,0.0,[50.0]
175,1644862500.7405558,29.21222472190857,0.0,24.42,23.5,22.25,23.25,23.75,-44.140625,6.4453125,5.7617187,5.859375,78.70528125,200.0,0.03,[50.0]
176,1644862500.9127657,29.327808380126953,0.02,24.45,23.0,21.75,22.75,24.0,-44.140625,6.4453125,5.7617187,5.859375,78.70528125,200.0,-0.05,[50.0]
177,1644862501.075705,29.547375917434692,0.01,24.5,23.75,22.25,22.25,24.0,-44.140625,6.4453125,5.7617187,5.859375,78.70528125,200.0,0.05,[50.0]
178,1644862501.2429051,29.658459663391113,-0.01,24.39,23.75,22.25,23.25,24.0,-44.140625,6.4453125,5.7617187,5.859375,78.70528125,200.0,0.0,[50.0]
179,1644862501.412674,29.881349325180054,0.01,24.45,23.5,23.0,23.5,24.0,-44.140625,6.3476562,5.7617187,5.859375,78.70528125,200.0,0.03,[50.0]
180,1644862501.5943866,29.997223377227783,0.0,24.39,23.5,22.25,22.75,23.5,-44.140625,6.3476562,5.7617187,5.7617187,78.70528125,200.0,-0.03,[50.0]
181,1644862501.743764,30.215437650680542,-0.03,24.43,23.5,23.0,22.75,23.75,-44.140625,6.3476562,5.7617187,5.859375,78.70528125,200.0,0.0,[50.0]
182,1644862501.9104772,30.331769466400146,-0.09,24.41,24.0,22.5,23.25,23.75,-44.140625,6.3476562,5.7617187,5.859375,78.70528125,200.0,0.03,[50.0]
183,1644862502.0764122,30.54808282852173,-0.12,24.45,23.25,22.25,22.75,23.75,-44.140625,6.3476562,5.7617187,5.859375,78.70528125,200.0,0.03,[50.0]
184,1644862502.244857,30.660460233688354,-0.12,24.45,23.25,22.0,23.25,23.5,-44.140625,6.3476562,5.7617187,5.859375,78.70528125,200.0,0.03,[50.0]
185,1644862502.411135,30.882801294326782,-0.11,24.46,23.0,22.75,23.25,23.75,-44.140625,6.3476562,5.7617187,5.859375,78.70528125,200.0,0.03,[50.0]
186,1644862502.5813951,31.00259828567505,-0.09,24.38,23.5,22.25,23.25,24.0,-44.140625,6.3476562,5.7617187,5.859375,78.70528125,200.0,0.08,[50.0]
187,1644862502.7468953,31.234190702438354,-0.08,24.42,23.75,22.5,23.25,24.25,-44.3847656,6.3476562,5.7617187,5.859375,78.70528125,200.0,-0.05,[50.0]
188,1644862502.9277377,31.349022150039673,-0.03,24.46,24.0,22.5,23.25,24.25,-44.3847656,6.3476562,5.7617187,5.859375,78.70528125,200.0,0.08,[50.0]
189,1644862503.0969148,31.565574884414673,-0.05,24.4,23.5,22.75,22.75,24.0,-44.140625,6.3476562,5.7617187,5.859375,78.70528125,200.0,-0.03,[50.0]
190,1644862503.2458804,31.684070825576782,-0.05,24.47,23.75,22.25,22.75,24.25,-44.3847656,6.3476562,5.7617187,5.7617187,78.70528125,200.0,0.0,[50.0]
191,1644862503.4281929,31.915488243103027,-0.05,24.39,23.25,23.0,22.75,24.5,-44.3847656,6.3476562,5.7617187,5.859375,78.70528125,200.0,-0.11,[50.0]
192,1644862503.5974307,32.04046440124512,-0.04,24.39,23.0,23.0,23.0,24.25,-44.140625,6.3476562,5.7617187,5.859375,78.70528125,200.0,0.08,[50.0]
193,1644862503.7634547,32.15083289146423,-0.01,24.46,23.75,22.5,22.5,25.25,-44.140625,6.3476562,5.7617187,5.859375,78.70528125,200.0,0.0,[50.0]
194,1644862503.9285536,32.38459634780884,0.02,24.47,23.75,23.25,23.5,25.5,-44.140625,6.3476562,5.7617187,5.859375,78.70528125,200.0,0.0,[50.0]
195,1644862504.0976174,32.50026178359985,0.02,24.47,23.5,22.75,23.0,25.5,-44.3847656,6.3476562,5.7617187,5.859375,78.70528125,200.0,0.05,[50.0]
196,1644862504.2632759,32.73494625091553,0.04,24.42,23.25,23.25,22.75,25.5,-44.140625,6.3476562,5.7617187,5.859375,78.70528125,200.0,0.0,[50.0]
197,1644862504.4130933,32.84732747077942,0.0,24.36,23.25,23.0,23.0,25.0,-44.3847656,6.3476562,5.7617187,5.859375,78.70528125,200.0,0.05,[50.0]
198,1644862504.5975578,33.06622004508972,-0.01,24.49,23.75,22.75,22.75,25.5,-44.3847656,6.3476562,5.7617187,5.859375,78.70528125,200.0,0.0,[50.0]
199,1644862504.7824361,33.18511343002319,0.03,24.39,23.25,23.25,22.5,25.25,-44.3847656,6.3476562,5.7617187,5.859375,78.70528125,200.0,-0.03,[50.0]
200,1644862504.9170942,33.3009831905365,0.02,24.46,23.25,23.0,23.25,25.25,-44.3847656,6.3476562,5.7617187,5.859375,78.70528125,200.0,0.11,[50.0]
201,1644862505.0981925,33.53560733795166,-0.01,24.42,23.25,22.25,22.75,23.5,-44.3847656,6.3476562,5.7617187,5.859375,78.70528125,200.0,0.13,[50.0]
202,1644862505.2630863,33.661266565322876,0.02,24.44,23.0,22.75,23.25,24.5,-44.3847656,6.3476562,5.7617187,5.859375,78.70528125,200.0,0.05,[50.0]
203,1644862505.429454,33.88550066947937,-0.02,24.44,22.75,22.75,23.0,24.0,-44.3847656,6.3476562,5.7617187,5.859375,78.70528125,200.0,-5.27,[50.0]
204,1644862505.5988307,34.001169204711914,-0.03,24.4,23.5,22.25,22.75,25.25,-44.140625,6.3476562,5.7617187,5.859375,78.70528125,200.0,-4.97,[50.0]
205,1644862505.764382,34.22042918205261,0.0,24.42,23.25,22.25,23.25,23.0,-44.3847656,6.3476562,5.7617187,5.859375,78.70528125,200.0,-2.26,[50.0]
206,1644862505.9300382,34.33569812774658,0.02,24.43,23.0,22.75,22.75,23.25,-44.140625,6.3476562,5.7617187,5.859375,78.70528125,200.0,-1.28,[50.0]
207,1644862506.0988386,34.567500591278076,0.02,24.43,23.25,22.25,23.0,23.0,-44.3847656,6.3476562,5.7617187,5.859375,78.70528125,200.0,-0.48,[50.0]
208,1644862506.2547994,34.689162254333496,0.07,24.4,23.25,23.0,22.75,23.25,-44.3847656,6.3476562,5.7617187,5.859375,78.70528125,200.0,0.11,[50.0]
209,1644862506.4305308,34.9178261756897,0.24,24.44,23.75,23.5,22.75,24.25,-44.3847656,6.3476562,5.7617187,5.859375,78.70528125,200.0,-0.8,[50.0]
210,1644862506.5995786,35.03698682785034,0.44,24.39,23.75,23.5,23.0,24.25,-44.3847656,6.3476562,5.7617187,5.859375,78.70528125,200.0,-0.05,[50.0]
211,1644862506.7656367,35.152504444122314,0.56,24.39,23.5,23.25,23.0,25.0,-44.3847656,6.3476562,5.7617187,5.859375,78.70528125,200.0,1.12,[50.0]
212,1644862506.9308534,35.386900901794434,-0.41,24.5,23.5,23.0,22.0,24.25,-44.3847656,6.25,5.7617187,5.859375,78.70528125,200.0,0.08,[50.0]
213,1644862507.1000898,35.50273633003235,-1.02,24.43,23.5,22.5,22.75,25.0,-44.3847656,6.25,5.7617187,5.859375,78.70528125,200.0,0.9,[50.0]
214,1644862507.258577,35.73024535179138,-1.01,24.44,23.75,23.5,22.75,24.75,-44.3847656,6.3476562,5.7617187,5.859375,78.70528125,200.0,1.84,[50.0]
215,1644862507.434966,35.837990522384644,-0.9,24.41,23.5,22.75,22.75,25.0,-44.3847656,6.3476562,5.6640625,5.859375,78.70528125,200.0,3.09,[50.0]
216,1644862507.6035833,36.06919026374817,-0.79,24.42,23.0,22.75,22.75,25.0,-44.3847656,6.25,5.7617187,5.859375,78.70528125,200.0,3.83,[50.0]
217,1644862507.7668383,36.187989234924316,-0.72,24.37,23.25,23.0,23.25,24.5,-44.3847656,6.25,5.7617187,5.7617187,78.70528125,200.0,4.39,[50.0]
218,1644862507.9323916,36.419687032699585,-0.68,24.45,23.25,22.75,22.75,25.0,-44.3847656,6.3476562,5.7617187,5.7617187,78.70528125,200.0,4.81,[50.0]
219,1644862508.1016655,36.53557372093201,-0.61,24.49,23.25,22.75,22.75,24.25,-44.3847656,6.3476562,5.7617187,5.7617187,78.70528125,200.0,5.19,[50.0]
220,1644862508.2720811,36.743757486343384,-0.55,24.43,23.75,23.0,23.0,23.75,-44.3847656,6.3476562,5.7617187,5.7617187,78.70528125,200.0,5.27,[50.0]
221,1644862508.4331956,36.85447859764099,-0.46,24.46,23.25,22.75,23.25,24.25,-44.140625,6.3476562,5.7617187,5.859375,78.70528125,200.0,0.03,[50.0]
222,1644862508.602149,37.089444398880005,-0.41,24.41,23.5,22.5,23.5,24.25,-44.3847656,6.3476562,5.7617187,5.859375,78.70528125,200.0,0.13,[50.0]
223,1644862508.768287,37.208714962005615,-0.36,24.43,23.25,22.75,23.25,24.0,-44.140625,6.3476562,5.7617187,5.859375,78.70528125,200.0,0.03,[50.0]
224,1644862508.9373248,37.424620151519775,-0.32,24.42,23.5,22.75,23.0,24.5,-44.3847656,6.3476562,5.7617187,5.859375,78.70528125,200.0,0.08,[50.0]
225,1644862509.1030555,37.55609726905823,-0.29,24.45,23.25,22.5,23.0,24.25,-44.3847656,6.3476562,5.7617187,5.859375,78.70528125,200.0,0.0,[50.0]
226,1644862509.2760427,37.67200446128845,-0.24,24.49,23.5,22.75,22.75,25.5,-44.140625,6.3476562,5.7617187,5.859375,78.70528125,200.0,0.16,[50.0]
227,1644862509.4501445,37.906190395355225,-0.21,24.38,23.75,22.75,23.25,24.0,-44.140625,6.3476562,5.7617187,5.7617187,78.70528125,200.0,0.11,[50.0]
228,1644862509.6033907,38.02167201042175,-0.18,24.44,23.5,22.5,23.25,24.5,-44.3847656,6.3476562,5.7617187,5.859375,78.70528125,200.0,0.0,[50.0]
229,1644862509.7690914,38.25638675689697,-0.14,24.44,23.5,23.25,23.0,24.5,-44.3847656,6.3476562,5.7617187,5.859375,78.70528125,200.0,0.0,[50.0]
230,1644862509.9351716,38.37258052825928,-0.12,24.49,23.75,22.75,22.0,25.0,-44.3847656,6.3476562,5.7617187,5.859375,78.70528125,200.0,-0.03,[50.0]
231,1644862510.1038737,38.49105882644653,-0.12,24.45,23.75,23.0,23.0,24.75,-44.140625,6.3476562,5.7617187,5.859375,78.70528125,200.0,-0.03,[50.0]
232,1644862510.2873614,38.727778911590576,-0.12,24.47,23.75,22.75,22.0,25.0,-44.3847656,6.3476562,5.7617187,5.859375,78.70528125,200.0,0.0,[50.0]
233,1644862510.4391224,38.844215869903564,-0.08,24.41,23.5,22.25,22.5,25.0,-44.140625,6.3476562,5.7617187,5.859375,78.70528125,200.0,0.0,[50.0]
234,1644862510.604377,39.07303524017334,-0.06,24.42,23.75,22.5,22.25,25.25,-44.140625,6.3476562,5.7617187,5.859375,78.70528125,200.0,-0.03,[50.0]
235,1644862510.7707756,39.19193720817566,-0.09,24.39,23.5,23.0,23.0,26.25,-44.140625,6.3476562,5.7617187,5.859375,78.70528125,200.0,0.0,[50.0]
236,1644862510.9515603,39.423229455947876,-0.1,24.43,23.5,23.0,23.0,25.25,-44.140625,6.3476562,5.7617187,5.7617187,78.70528125,200.0,-0.03,[50.0]
237,1644862511.1208808,39.539143085479736,-0.12,24.45,23.25,22.25,22.0,27.25,-44.140625,6.3476562,5.7617187,5.859375,78.70528125,200.0,-0.03,[50.0]
238,1644862511.287693,39.774988412857056,-0.17,24.41,23.25,23.0,22.75,27.25,-44.3847656,6.3476562,5.7617187,5.859375,78.70528125,200.0,0.05,[50.0]
239,1644862511.4528224,39.89324498176575,-0.02,24.35,23.0,23.0,23.25,26.0,-44.140625,6.3476562,5.7617187,5.859375,78.70528125,200.0,3.35,[50.0]
240,1644862511.6091278,40.00918745994568,0.72,24.44,23.75,22.5,22.75,26.25,-44.140625,6.3476562,5.7617187,5.7617187,78.70528125,200.0,3.94,[50.0]
241,1644862511.7874632,40.227885246276855,0.69,24.34,22.75,23.0,22.75,27.25,-44.140625,6.3476562,5.7617187,5.859375,78.70528125,200.0,3.25,[50.0]
242,1644862511.9411435,40.344385862350464,0.73,24.45,23.5,22.75,22.5,27.25,-44.140625,6.3476562,5.7617187,5.7617187,78.70528125,200.0,2.1,[50.0]
243,1644862512.1068778,40.57599115371704,0.73,24.39,23.0,22.5,22.5,27.5,-44.3847656,6.3476562,5.7617187,5.859375,78.70528125,200.0,1.01,[50.0]
244,1644862512.2768455,40.694414138793945,0.71,24.43,23.25,23.5,22.75,27.5,-44.3847656,6.3476562,5.7617187,5.859375,78.70528125,200.0,0.03,[50.0]
245,1644862512.4381876,40.925482988357544,0.65,24.43,23.0,22.5,22.5,27.25,-44.140625,6.3476562,5.7617187,5.859375,78.70528125,200.0,-1.04,[50.0]
246,1644862512.6074634,41.04136848449707,0.57,24.5,23.0,23.5,22.5,27.25,-44.3847656,6.3476562,5.7617187,5.859375,78.70528125,200.0,-0.16,[50.0]
247,1644862512.7765794,41.259934186935425,0.49,24.45,23.0,23.0,22.75,26.75,-44.140625,6.3476562,5.7617187,5.859375,78.70528125,200.0,0.37,[50.0]
248,1644862512.954814,41.39523530006409,0.42,24.44,23.75,23.0,23.0,27.25,-44.3847656,6.3476562,5.7617187,5.859375,78.70528125,200.0,-0.43,[50.0]
249,1644862513.1079626,41.511000871658325,0.36,24.42,23.5,23.0,22.25,27.0,-44.3847656,6.3476562,5.7617187,5.859375,78.70528125,200.0,0.27,[50.0]
250,1644862513.2926676,41.732343435287476,0.32,24.45,23.0,23.0,22.25,26.75,-44.3847656,6.3476562,5.7617187,5.859375,78.70528125,200.0,-0.4,[50.0]
251,1644862513.4603665,41.94766187667847,0.31,24.42,23.25,22.5,23.0,27.0,-44.3847656,6.3476562,5.7617187,5.859375,78.70528125,200.0,0.24,[50.0]
252,1644862513.6089568,42.061996936798096,0.23,24.42,23.0,22.75,22.5,26.75,-44.3847656,6.3476562,5.7617187,5.859375,78.70528125,200.0,-0.61,[50.0]
253,1644862513.7748723,42.17754292488098,0.2,24.41,23.0,23.0,22.75,26.75,-44.3847656,6.3476562,5.7617187,5.859375,78.70528125,200.0,0.27,[50.0]
254,1644862513.9402125,42.411885261535645,0.2,24.41,23.5,22.25,22.75,27.0,-44.3847656,6.3476562,5.7617187,5.859375,78.70528125,200.0,-0.64,[50.0]
255,1644862514.1094868,42.52777338027954,0.19,24.44,23.0,22.75,23.25,25.75,-44.3847656,6.3476562,5.7617187,5.859375,78.70528125,200.0,0.16,[50.0]
256,1644862514.2784758,42.747063636779785,0.16,24.42,23.5,22.75,23.0,25.75,-44.3847656,6.3476562,5.7617187,5.859375,78.70528125,200.0,-0.69,[50.0]
257,1644862514.4499712,42.85947632789612,0.11,24.39,23.0,23.25,22.5,26.25,-44.3847656,6.3476562,5.7617187,5.859375,78.70528125,200.0,-0.03,[50.0]
258,1644862514.6099818,43.079137086868286,0.07,24.42,23.5,22.25,23.0,26.25,-44.3847656,6.3476562,5.7617187,5.859375,78.70528125,200.0,0.03,[50.0]
259,1644862514.7763882,43.19753909111023,0.05,24.46,23.5,23.0,23.25,25.5,-44.3847656,6.25,5.7617187,5.859375,78.70528125,200.0,0.05,[50.0]
260,1644862514.9416854,43.42898082733154,0.04,24.38,23.5,23.0,23.5,26.75,-44.3847656,6.3476562,5.7617187,5.859375,78.70528125,200.0,-0.03,[50.0]
261,1644862515.1149497,43.54486918449402,0.04,24.47,23.5,22.25,23.5,26.0,-44.3847656,6.25,5.7617187,5.859375,78.70528125,200.0,0.08,[50.0]
262,1644862515.2759886,43.7632839679718,0.05,24.44,23.25,22.25,23.25,24.75,-44.3847656,6.3476562,5.7617187,5.859375,78.70528125,200.0,0.08,[50.0]
263,1644862515.442465,43.87687277793884,0.03,24.42,23.5,23.0,22.75,25.25,-44.3847656,6.3476562,5.7617187,5.859375,78.70528125,200.0,0.05,[50.0]
264,1644862515.6115432,44.08269548416138,0.02,24.38,23.0,22.5,23.25,26.0,-44.3847656,6.3476562,5.7617187,5.859375,78.70528125,200.0,0.03,[50.0]
265,1644862515.7842224,44.19910001754761,-0.04,24.45,23.25,22.0,22.5,25.0,-44.3847656,6.25,5.7617187,5.859375,78.70528125,200.0,0.03,[50.0]
266,1644862515.9434679,44.430763244628906,-0.02,24.51,23.25,22.5,22.5,25.25,-44.3847656,6.25,5.7617187,5.859375,78.70528125,200.0,0.05,[50.0]
267,1644862516.112776,44.54968547821045,0.01,24.42,23.25,22.75,22.5,25.0,-44.3847656,6.25,5.7617187,5.859375,78.70528125,200.0,0.0,[50.0]
268,1644862516.2787066,44.76600193977356,0.0,24.46,23.25,22.5,23.25,25.0,-44.3847656,6.3476562,5.7617187,5.859375,78.70528125,200.0,0.05,[50.0]
269,1644862516.444426,44.872910261154175,0.02,24.39,23.25,22.25,22.5,25.25,-44.3847656,6.25,5.7617187,5.859375,78.70528125,200.0,0.03,[50.0]
270,1644862516.61337,45.00041747093201,0.02,24.44,23.0,22.0,23.0,25.75,-44.3847656,6.25,5.7617187,5.859375,78.70528125,200.0,-0.08,[50.0]
271,1644862516.7796128,45.23565745353699,0.02,24.45,23.75,22.75,23.25,26.0,-44.3847656,6.25,5.7617187,5.859375,78.70528125,200.0,-0.03,[50.0]
272,1644862516.948404,45.35113263130188,0.02,24.44,23.5,22.5,22.75,26.25,-44.3847656,6.25,5.7617187,5.859375,78.70528125,200.0,0.0,[50.0]
273,1644862517.11417,45.58232498168945,0.01,24.39,23.25,22.5,22.75,26.25,-44.3847656,6.25,5.7617187,5.859375,78.70528125,200.0,0.0,[50.0]
274,1644862517.285993,45.701693296432495,0.03,24.44,23.75,22.5,23.0,26.0,-44.3847656,6.25,5.7617187,5.859375,78.70528125,200.0,0.0,[50.0]
275,1644862517.4459398,45.91761040687561,0.02,24.45,23.5,22.5,22.0,26.25,-44.3847656,6.3476562,5.7617187,5.859375,78.70528125,200.0,-0.08,[50.0]
276,1644862517.6184263,46.03701639175415,0.0,24.42,23.0,22.25,23.0,25.75,-44.3847656,6.25,5.7617187,5.859375,78.70528125,200.0,-0.05,[50.0]
277,1644862517.784273,46.255943775177,-0.01,24.43,23.25,22.0,22.75,26.75,-44.3847656,6.25,5.7617187,5.859375,78.70528125,200.0,-0.03,[50.0]
278,1644862517.9502459,46.36520719528198,-0.02,24.38,23.25,23.0,22.75,26.75,-44.3847656,6.25,5.7617187,5.859375,78.70528125,200.0,0.05,[50.0]
279,1644862518.1156168,46.5847692489624,-0.01,24.45,23.5,22.0,23.0,26.5,-44.3847656,6.25,5.7617187,5.859375,78.70528125,200.0,0.03,[50.0]
280,1644862518.282018,46.703168869018555,-0.01,24.53,22.75,22.5,22.75,26.5,-44.3847656,6.25,5.6640625,5.859375,78.70528125,200.0,0.03,[50.0]
281,1644862518.4470432,46.93433856964111,-0.01,24.41,23.25,21.75,23.0,26.5,-44.3847656,6.25,5.7617187,5.859375,78.70528125,200.0,0.05,[50.0]
282,1644862518.6196501,47.0498993396759,-0.04,24.46,23.25,21.75,22.5,26.5,-44.3847656,6.25,5.7617187,5.859375,78.70528125,200.0,-0.03,[50.0]
283,1644862518.7820086,47.269304037094116,-0.06,24.39,23.25,22.25,22.25,26.25,-44.3847656,6.25,5.7617187,5.859375,78.70528125,200.0,0.03,[50.0]
284,1644862518.9470863,47.38449788093567,-0.07,24.49,23.25,22.25,22.5,26.25,-44.3847656,6.25,5.6640625,5.859375,78.70528125,200.0,-0.03,[50.0]
285,1644862519.1160045,47.50330376625061,-0.05,24.43,23.75,23.75,23.25,26.0,-44.3847656,6.25,5.7617187,5.859375,78.70528125,200.0,-0.05,[50.0]
286,1644862519.284376,47.740421772003174,-0.02,24.34,23.5,23.25,23.0,26.75,-44.3847656,6.25,5.7617187,5.859375,78.70528125,200.0,0.08,[50.0]
287,1644862519.451486,47.86006999015808,0.0,24.42,23.25,23.0,23.0,26.75,-44.3847656,6.25,5.7617187,5.859375,78.70528125,200.0,-0.05,[50.0]
288,1644862519.6162446,48.084887981414795,0.01,24.43,22.75,23.25,22.5,26.5,-44.3847656,6.25,5.7617187,5.859375,78.70528125,200.0,0.08,[50.0]
289,1644862519.7823846,48.20378851890564,0.0,24.44,23.25,22.5,22.5,26.5,-44.3847656,6.25,5.7617187,5.859375,78.70528125,200.0,0.08,[50.0]
290,1644862519.948101,48.43539643287659,0.02,24.45,22.75,22.5,22.75,26.0,-44.3847656,6.3476562,5.7617187,5.859375,78.70528125,200.0,0.05,[50.0]
291,1644862520.1168973,48.55431318283081,0.04,24.41,23.5,22.0,23.0,26.0,-44.3847656,6.25,5.7617187,5.7617187,78.70528125,200.0,0.05,[50.0]
292,1644862520.28317,48.67016053199768,0.03,24.45,23.5,22.5,23.0,26.0,-44.3847656,6.25,5.6640625,5.859375,78.70528125,200.0,0.0,[50.0]
293,1644862520.4486659,48.90471076965332,0.02,24.4,23.0,22.75,22.25,26.0,-44.3847656,6.3476562,5.7617187,5.859375,78.70528125,200.0,0.0,[50.0]
294,1644862520.6178148,49.02053618431091,0.03,24.43,23.5,22.5,23.25,25.75,-44.3847656,6.25,5.7617187,5.859375,78.70528125,200.0,0.0,[50.0]
295,1644862520.784114,49.25578331947327,0.06,24.45,22.75,22.5,23.0,26.0,-44.3847656,6.3476562,5.7617187,5.7617187,78.70528125,200.0,5.21,[50.0]
296,1644862520.9524639,49.357022523880005,0.08,24.39,23.0,22.75,23.0,26.0,-44.3847656,6.3476562,5.7617187,5.7617187,78.70528125,200.0,4.73,[50.0]
297,1644862521.1191387,49.57824993133545,0.07,24.47,23.0,22.5,23.25,26.0,-44.3847656,6.3476562,5.7617187,5.859375,78.70528125,200.0,4.02,[50.0]
298,1644862521.2851164,49.6867241859436,0.06,24.43,22.75,22.75,23.5,25.75,-44.3847656,6.3476562,5.6640625,5.859375,78.70528125,200.0,3.27,[50.0]
299,1644862521.4506292,49.90667486190796,0.03,24.43,23.25,22.75,22.75,26.0,-44.3847656,6.25,5.7617187,5.7617187,78.70528125,200.0,2.18,[50.0]
300,1644862521.6159334,50.02261304855347,0.01,24.39,23.5,23.0,23.0,26.25,-44.3847656,6.3476562,5.7617187,5.859375,78.70528125,200.0,1.01,[50.0]
301,1644862521.7877097,50.2330846786499,0.03,24.4,23.0,22.5,23.25,27.0,-44.140625,6.3476562,5.7617187,5.859375,78.70528125,200.0,-0.03,[50.0]
302,1644862521.9397454,50.342350482940674,0.05,24.42,23.75,22.5,23.25,26.25,-44.3847656,6.25,5.7617187,5.859375,78.70528125,200.0,0.88,[50.0]
303,1644862522.1216466,50.571176290512085,0.08,24.46,23.75,22.75,22.5,26.75,-44.3847656,6.3476562,5.7617187,5.859375,78.70528125,200.0,-0.13,[50.0]
304,1644862522.2877934,50.67467784881592,0.06,24.43,23.5,22.25,23.0,26.25,-44.3847656,6.3476562,5.7617187,5.859375,78.70528125,200.0,0.77,[50.0]
305,1644862522.4530246,50.90907168388367,0.03,24.39,23.25,22.5,23.25,27.0,-44.140625,6.25,5.7617187,5.859375,78.70528125,200.0,-0.21,[50.0]
306,1644862522.6221375,51.025028705596924,0.0,24.46,23.0,22.0,23.0,27.0,-44.3847656,6.3476562,5.7617187,5.859375,78.70528125,200.0,0.43,[50.0]
307,1644862522.7875915,51.259262561798096,-0.06,24.45,23.5,22.5,22.5,26.75,-44.3847656,6.3476562,5.7617187,5.859375,78.70528125,200.0,-0.24,[50.0]
308,1644862522.9578938,51.372145652770996,-0.02,24.46,23.5,22.5,23.25,26.5,-44.3847656,6.3476562,5.7617187,5.859375,78.70528125,200.0,2.87,[50.0]
309,1644862523.1226022,51.59126162528992,0.01,24.42,23.25,22.75,22.75,26.75,-44.3847656,6.3476562,5.6640625,5.7617187,78.70528125,200.0,3.67,[50.0]
310,1644862523.2753375,51.71016192436218,0.02,24.4,23.25,22.75,23.25,26.75,-44.3847656,6.25,5.7617187,5.859375,78.70528125,200.0,2.95,[50.0]
311,1644862523.4566255,51.943920850753784,-0.01,24.44,23.5,22.5,23.25,26.5,-44.3847656,6.25,5.7617187,5.859375,78.70528125,200.0,1.62,[50.0]
312,1644862523.6264508,52.05730390548706,0.01,24.46,23.0,22.5,23.25,26.5,-44.3847656,6.3476562,5.7617187,5.859375,78.70528125,200.0,2.71,[50.0]
313,1644862523.786209,52.27350449562073,0.01,24.43,23.5,22.25,23.25,26.75,-44.3847656,6.3476562,5.7617187,5.859375,78.70528125,200.0,-0.08,[50.0]
314,1644862523.9615164,52.39236521720886,-0.04,24.42,23.25,22.5,22.75,26.5,-44.3847656,6.3476562,5.7617187,5.859375,78.70528125,200.0,0.05,[50.0]
315,1644862524.1247017,52.511677503585815,-0.06,24.45,23.25,22.5,22.75,26.25,-44.3847656,6.3476562,5.7617187,5.859375,78.70528125,200.0,0.05,[50.0]
316,1644862524.2906113,52.731029987335205,-0.05,24.47,23.25,22.75,22.75,26.5,-44.3847656,6.3476562,5.6640625,5.859375,78.70528125,200.0,0.0,[50.0]
317,1644862524.4604843,52.94777965545654,-0.01,24.45,23.75,22.25,22.75,26.0,-44.3847656,6.3476562,5.7617187,5.859375,78.70528125,200.0,-0.03,[50.0]
318,1644862524.6250098,53.062421798706055,0.01,24.43,23.0,22.5,23.0,26.25,-44.3847656,6.25,5.7617187,5.859375,78.70528125,200.0,0.03,[50.0]
319,1644862524.787719,53.177757024765015,0.04,24.43,23.75,22.25,22.75,26.25,-44.3847656,6.3476562,5.7617187,5.859375,78.70528125,200.0,0.0,[50.0]
320,1644862524.95673,53.39464068412781,0.09,24.46,23.5,22.75,23.25,26.0,-44.3847656,6.3476562,5.6640625,5.859375,78.70528125,200.0,0.0,[50.0]
321,1644862525.107543,53.513044118881226,0.1,24.46,23.0,22.0,22.75,26.0,-44.3847656,6.3476562,5.7617187,5.859375,78.70528125,200.0,-0.08,[50.0]
322,1644862525.2903981,53.746439933776855,0.11,24.42,23.75,22.5,22.25,26.0,-44.3847656,6.3476562,5.7617187,5.859375,78.70528125,200.0,0.03,[50.0]
323,1644862525.4605496,53.86500549316406,0.05,24.43,23.25,22.5,23.25,25.75,-44.3847656,6.3476562,5.7617187,5.859375,78.70528125,200.0,0.0,[50.0]
324,1644862525.6254277,54.0945839881897,-0.01,24.4,23.25,22.25,22.25,26.0,-44.140625,6.3476562,5.7617187,5.859375,78.70528125,200.0,0.0,[50.0]
325,1644862525.787796,54.21258735656738,-0.03,24.47,23.5,22.5,23.0,26.0,-44.3847656,6.3476562,5.7617187,5.859375,78.70528125,200.0,0.08,[50.0]
326,1644862525.9568565,54.444151878356934,-0.02,24.46,24.0,22.25,23.0,25.75,-44.140625,6.3476562,5.7617187,5.859375,78.70528125,200.0,0.0,[50.0]
327,1644862526.126129,54.57566690444946,-0.01,24.39,23.25,22.25,23.0,25.5,-44.3847656,6.3476562,5.7617187,5.859375,78.70528125,200.0,0.0,[50.0]
328,1644862526.2922873,54.67914605140686,-0.03,24.46,23.75,22.0,23.25,25.75,-44.3847656,6.3476562,5.7617187,5.859375,78.70528125,200.0,-0.05,[50.0]
329,1644862526.4554644,54.90943932533264,-0.04,24.45,23.75,22.25,22.5,25.25,-44.140625,6.3476562,5.7617187,5.859375,78.70528125,200.0,-0.08,[50.0]
330,1644862526.6269836,55.014376640319824,-0.04,24.47,23.75,22.25,22.75,25.5,-44.3847656,6.3476562,5.7617187,5.859375,78.70528125,200.0,0.03,[50.0]
331,1644862526.7923055,55.24835252761841,-0.02,24.48,23.75,22.25,22.75,25.25,-44.140625,6.3476562,5.7617187,5.859375,78.70528125,200.0,-0.08,[50.0]
332,1644862526.9585447,55.36420702934265,-0.03,24.42,23.5,22.5,22.25,25.5,-44.3847656,6.3476562,5.7617187,5.859375,78.70528125,200.0,0.05,[50.0]
333,1644862527.127341,55.59600329399109,-0.04,24.39,23.0,22.5,23.0,27.5,-44.140625,6.3476562,5.7617187,5.859375,78.70528125,200.0,0.13,[50.0]
334,1644862527.2920554,55.71449112892151,-0.07,24.41,23.75,22.5,23.25,26.5,-44.3847656,6.3476562,5.7617187,5.859375,78.70528125,200.0,-0.03,[50.0]
335,1644862527.455498,55.94279336929321,-0.05,24.47,23.75,23.75,22.25,28.0,-44.140625,6.3476562,5.7617187,5.859375,78.70528125,200.0,0.03,[50.0]
336,1644862527.627743,56.06516170501709,0.0,24.36,23.5,22.75,22.5,27.75,-44.3847656,6.3476562,5.7617187,5.859375,78.70528125,200.0,0.03,[50.0]
337,1644862527.7968743,56.28416967391968,0.02,24.42,23.75,22.25,23.25,27.0,-44.140625,6.3476562,5.7617187,5.859375,78.70528125,200.0,0.08,[50.0]
338,1644862527.959153,56.3970582485199,0.03,24.45,23.0,22.75,22.25,28.25,-44.3847656,6.3476562,5.7617187,5.859375,78.70528125,200.0,0.05,[50.0]
339,1644862528.1280727,56.515416622161865,0.05,24.43,23.25,22.5,23.0,28.0,-44.140625,6.3476562,5.7617187,5.859375,78.70528125,200.0,0.13,[50.0]
340,1644862528.2970874,56.75313401222229,0.04,24.46,23.0,22.25,23.0,28.25,-44.140625,6.3476562,5.7617187,5.859375,78.70528125,200.0,0.08,[50.0]
341,1644862528.4561217,56.86579656600952,0.02,24.42,23.0,22.75,22.25,28.0,-44.3847656,6.3476562,5.7617187,5.859375,78.70528125,200.0,0.0,[50.0]
342,1644862528.6281567,57.09369397163391,0.03,24.47,23.75,22.5,23.0,27.5,-44.3847656,6.3476562,5.7617187,5.859375,78.70528125,200.0,-0.08,[50.0]
343,1644862528.7939095,57.21569228172302,0.01,24.41,23.5,22.5,22.75,27.5,-44.3847656,6.3476562,5.7617187,5.859375,78.70528125,200.0,0.03,[50.0]
344,1644862528.9601462,57.44744157791138,-0.01,24.43,23.5,23.5,23.0,26.75,-44.3847656,6.3476562,5.7617187,5.859375,78.70528125,200.0,0.03,[50.0]
345,1644862529.129335,57.566752672195435,0.03,24.45,23.0,22.75,22.75,26.5,-44.140625,6.3476562,5.7617187,5.859375,78.70528125,200.0,0.11,[50.0]
346,1644862529.2972162,57.78451156616211,0.01,24.45,23.75,22.75,22.5,26.25,-44.140625,6.3476562,5.7617187,5.859375,78.70528125,200.0,0.05,[50.0]
347,1644862529.4572544,57.90030479431152,0.0,24.41,23.5,23.0,22.5,26.25,-44.140625,6.3476562,5.7617187,5.859375,78.70528125,200.0,-0.11,[50.0]
348,1644862529.6300783,58.01706886291504,-0.01,24.45,23.0,22.75,23.25,26.25,-44.140625,6.3476562,5.7617187,5.859375,78.70528125,200.0,0.08,[50.0]
349,1644862529.7964737,58.25251626968384,-0.02,24.4,23.25,22.5,22.25,27.5,-44.140625,6.3476562,5.7617187,5.859375,78.70528125,200.0,-1.68,[50.0]
350,1644862529.9654055,58.36843132972717,-0.01,24.39,23.0,23.0,22.5,27.5,-44.140625,6.3476562,5.7617187,5.859375,78.70528125,200.0,-4.36,[50.0]
351,1644862530.1304204,58.599578619003296,-0.02,24.38,23.0,23.0,22.75,27.5,-44.3847656,6.3476562,5.7617187,5.859375,78.70528125,200.0,-5.29,[50.0]
352,1644862530.2995327,58.71797561645508,0.0,24.37,23.25,22.5,22.75,27.25,-44.140625,6.3476562,5.7617187,5.859375,78.70528125,200.0,-4.81,[50.0]
353,1644862530.4729517,58.94461941719055,0.02,24.45,23.25,22.25,23.0,28.25,-44.140625,6.3476562,5.7617187,5.859375,78.70528125,200.0,-4.31,[50.0]
354,1644862530.6351864,59.04988217353821,0.01,24.5,23.25,22.75,22.5,27.75,-44.3847656,6.3476562,5.7617187,5.859375,78.70528125,200.0,-3.38,[50.0]
355,1644862530.8034437,59.259491205215454,0.04,24.43,23.0,22.5,23.0,28.0,-44.140625,6.3476562,5.7617187,5.859375,78.70528125,200.0,-2.37,[50.0]
356,1644862530.9658663,59.36939454078674,0.08,24.42,23.25,22.5,22.5,28.5,-44.3847656,6.3476562,5.7617187,5.859375,78.70528125,200.0,-1.49,[50.0]
357,1644862531.131232,59.59989523887634,0.06,24.45,23.0,22.5,22.75,28.25,-44.140625,6.3476562,5.7617187,5.859375,78.70528125,200.0,-0.53,[50.0]
358,1644862531.3010828,59.71879601478577,0.02,24.46,23.25,23.0,23.25,28.75,-44.3847656,6.3476562,5.7617187,5.859375,78.70528125,200.0,0.11,[50.0]
359,1644862531.4735396,59.960834980010986,-0.02,24.46,23.0,22.75,22.75,28.75,-44.3847656,6.3476562,5.7617187,5.859375,78.70528125,200.0,-0.61,[50.0]
360,1644862531.6322403,60.069645166397095,-0.05,24.45,23.25,23.0,22.75,28.5,-44.3847656,6.3476562,5.7617187,5.859375,78.70528125,200.0,2.39,[50.0]
361,1644862531.8134954,60.185110569000244,-0.02,24.47,23.25,22.75,22.5,27.75,-44.3847656,6.3476562,5.7617187,5.859375,78.70528125,200.0,3.3,[50.0]
362,1644862531.9635382,60.41958451271057,0.01,24.43,23.5,22.0,22.5,27.0,-44.140625,6.25,5.7617187,5.7617187,78.70528125,200.0,4.1,[50.0]
363,1644862532.1324084,60.53510785102844,0.01,24.4,23.5,22.25,23.25,27.25,-44.140625,6.3476562,5.7617187,5.859375,78.70528125,200.0,3.4,[50.0]
364,1644862532.2982748,60.769946575164795,0.02,24.42,23.5,23.0,22.75,26.0,-44.3847656,6.3476562,5.7617187,5.859375,78.70528125,200.0,2.07,[50.0]
365,1644862532.473902,60.88233828544617,0.03,24.43,23.5,23.0,23.0,26.5,-44.140625,6.3476562,5.7617187,5.859375,78.70528125,200.0,1.04,[50.0]
366,1644862532.63298,61.1016411781311,0.02,24.39,23.75,22.5,22.5,26.75,-44.3847656,6.3476562,5.7617187,5.859375,78.70528125,200.0,-0.05,[50.0]
367,1644862532.8054686,61.22054433822632,0.02,24.37,23.5,23.5,22.75,26.25,-44.3847656,6.3476562,5.7617187,5.859375,78.70528125,200.0,1.04,[50.0]
368,1644862532.964577,61.4518723487854,0.02,24.43,23.5,23.0,23.0,26.5,-44.140625,6.3476562,5.7617187,5.859375,78.70528125,200.0,-0.03,[50.0]
369,1644862533.133827,61.57074165344238,0.01,24.44,23.25,22.5,22.25,26.75,-44.140625,6.3476562,5.7617187,5.859375,78.70528125,200.0,0.0,[50.0]
370,1644862533.298923,61.68362069129944,-0.01,24.49,23.5,22.75,22.75,26.0,-44.140625,6.3476562,5.7617187,5.859375,78.70528125,200.0,0.05,[50.0]
371,1644862533.4709728,61.92140817642212,-0.02,24.46,23.0,23.25,22.25,26.5,-44.140625,6.3476562,5.7617187,5.859375,78.70528125,200.0,0.05,[50.0]
372,1644862533.6342487,62.037346601486206,0.01,24.39,23.75,22.5,22.5,26.75,-44.3847656,6.3476562,5.7617187,5.859375,78.70528125,200.0,0.0,[50.0]
373,1644862533.8006976,62.272369384765625,0.03,24.5,23.5,22.5,23.25,26.5,-44.3847656,6.3476562,5.7617187,5.859375,78.70528125,200.0,0.0,[50.0]
374,1644862533.9843013,62.38425612449646,0.05,24.4,23.0,23.0,22.25,27.0,-44.3847656,6.3476562,5.7617187,5.859375,78.70528125,200.0,0.05,[50.0]
375,1644862534.1344512,62.59960746765137,0.04,24.43,23.5,22.5,23.25,26.5,-44.140625,6.3476562,5.7617187,5.859375,78.70528125,200.0,0.03,[50.0]
376,1644862534.3003514,62.70295596122742,0.04,24.48,23.5,23.25,23.25,27.75,-44.140625,6.3476562,5.6640625,5.859375,78.70528125,200.0,-0.03,[50.0]
377,1644862534.4898496,62.937763690948486,0.01,24.46,23.25,22.5,23.0,27.25,-44.140625,6.3476562,5.7617187,5.859375,78.70528125,200.0,-0.19,[50.0]
378,1644862534.635372,63.05365824699402,0.01,24.46,23.5,23.0,22.75,27.75,-44.140625,6.3476562,5.7617187,5.859375,78.70528125,200.0,0.0,[50.0]
379,1644862534.8014667,63.28876209259033,-0.02,24.42,23.75,22.5,22.75,28.0,-44.3847656,6.3476562,5.7617187,5.859375,78.70528125,200.0,0.0,[50.0]
380,1644862534.9666796,63.42272710800171,-0.02,24.41,23.25,22.5,23.0,28.25,-44.3847656,6.3476562,5.7617187,5.859375,78.70528125,200.0,0.03,[50.0]
381,1644862535.1355717,63.538636922836304,-0.06,24.42,23.25,22.5,23.0,28.5,-44.140625,6.3476562,5.7617187,5.859375,78.70528125,200.0,0.0,[50.0]
382,1644862535.3007758,63.772446632385254,-0.09,24.39,23.25,22.75,22.75,28.25,-44.140625,6.3476562,5.7617187,5.859375,78.70528125,200.0,0.0,[50.0]
383,1644862535.4705427,63.88583278656006,-0.08,24.47,23.25,23.25,23.0,28.5,-44.3847656,6.3476562,5.7617187,5.859375,78.70528125,200.0,0.03,[50.0]
384,1644862535.639363,64.1059308052063,-0.05,24.44,23.25,23.0,22.25,28.5,-44.3847656,6.3476562,5.7617187,5.859375,78.70528125,200.0,-0.08,[50.0]
385,1644862535.8012521,64.20768857002258,-0.06,24.42,23.5,23.0,22.75,28.25,-44.3847656,6.3476562,5.7617187,5.859375,78.70528125,200.0,0.0,[50.0]
386,1644862535.9671507,64.43882727622986,-0.04,24.39,23.5,22.75,23.5,28.75,-44.140625,6.3476562,5.7617187,5.859375,78.70528125,200.0,5.35,[50.0]
387,1644862536.1366627,64.55849814414978,0.01,24.41,23.25,23.25,23.0,28.25,-44.140625,6.3476562,5.7617187,5.7617187,78.70528125,200.0,5.29,[50.0]
388,1644862536.3020551,64.78935050964355,0.0,24.49,23.5,23.75,23.0,28.0,-44.140625,6.3476562,5.7617187,5.7617187,78.70528125,200.0,5.32,[50.0]
389,1644862536.4675698,64.92361187934875,0.01,24.47,23.5,23.25,23.25,28.0,-44.140625,6.3476562,5.6640625,5.7617187,78.70528125,200.0,4.95,[50.0]
390,1644862536.6365921,65.03933548927307,0.04,24.43,23.75,22.75,23.25,28.0,-44.140625,6.3476562,5.7617187,5.7617187,78.70528125,200.0,4.6,[50.0]
391,1644862536.8021507,65.25820088386536,0.08,24.42,23.75,23.25,22.75,28.0,-44.140625,6.3476562,5.7617187,5.859375,78.70528125,200.0,3.96,[50.0]
392,1644862536.968368,65.3734827041626,0.11,24.47,23.0,23.5,22.75,28.25,-44.140625,6.3476562,5.7617187,5.859375,78.70528125,200.0,3.11,[50.0]
393,1644862537.1371942,65.5897057056427,0.1,24.39,23.25,23.25,22.25,27.75,-44.3847656,6.3476562,5.7617187,5.859375,78.70528125,200.0,2.15,[50.0]
394,1644862537.3039508,65.70261812210083,0.04,24.4,23.5,23.0,22.75,27.25,-44.140625,6.3476562,5.7617187,5.859375,78.70528125,200.0,1.04,[50.0]
395,1644862537.4688277,65.92487335205078,-0.01,24.43,23.25,23.25,22.75,27.75,-44.140625,6.3476562,5.7617187,5.859375,78.70528125,200.0,-0.05,[50.0]
396,1644862537.6372666,66.04237198829651,-0.02,24.48,23.5,23.0,23.0,28.0,-44.140625,6.3476562,5.7617187,5.859375,78.70528125,200.0,3.09,[50.0]
397,1644862537.8036237,66.2752935886383,0.01,24.42,23.0,22.75,22.75,28.0,-44.140625,6.3476562,5.7617187,5.859375,78.70528125,200.0,3.96,[50.0]
398,1644862537.9711556,66.38718008995056,0.03,24.45,24.0,22.75,22.5,27.75,-44.140625,6.3476562,5.7617187,5.859375,78.70528125,200.0,3.19,[50.0]
399,1644862538.137695,66.60635423660278,0.02,24.51,23.25,22.75,22.75,27.25,-44.140625,6.3476562,5.7617187,5.859375,78.70528125,200.0,1.94,[50.0]
400,1644862538.30384,66.725257396698,0.02,24.51,23.75,23.25,22.5,28.0,-44.140625,6.3476562,5.7617187,5.859375,78.70528125,200.0,0.82,[50.0]
401,1644862538.4720705,66.95936584472656,-0.02,24.44,23.5,22.5,23.0,27.25,-44.140625,6.3476562,5.7617187,5.859375,78.70528125,200.0,-0.21,[50.0]
402,1644862538.6459532,67.08423924446106,-0.03,24.37,23.5,22.75,22.25,27.75,-44.140625,6.3476562,5.7617187,5.859375,78.70528125,200.0,3.01,[50.0]
403,1644862538.811188,67.19375705718994,-0.04,24.44,23.5,23.25,22.75,28.5,-44.140625,6.3476562,5.7617187,5.7617187,78.70528125,200.0,3.88,[50.0]
404,1644862538.9609008,67.44819617271423,-0.03,24.43,23.75,23.25,22.75,29.0,-44.3847656,6.3476562,5.7617187,5.859375,78.70528125,200.0,0.05,[50.0]
405,1644862539.1390016,67.55756855010986,-0.05,24.42,23.5,22.25,23.5,28.5,-44.140625,6.3476562,5.7617187,5.859375,78.70528125,200.0,0.03,[50.0]
406,1644862539.3038027,67.77547430992126,-0.06,24.42,23.75,23.25,22.75,29.25,-44.140625,6.3476562,5.7617187,5.859375,78.70528125,200.0,0.03,[50.0]
407,1644862539.4704087,67.88885068893433,-0.06,24.43,23.5,22.25,23.0,29.0,-44.140625,6.4453125,5.7617187,5.859375,78.70528125,200.0,0.0,[50.0]
